2026/06/16 04:36:50.131, 1710, 6251, 31, 58.26, 0
2026/06/16 04:36:50.387, 1710, 6251, 31, 58.26, 0
2026/06/16 04:36:50.637, 1710, 6251, 31, 58.26, 0
2026/06/16 04:36:50.887, 1710, 6251, 31, 58.37, 0
2026/06/16 04:36:51.137, 1710, 6251, 31, 58.37, 0
2026/06/16 04:36:51.387, 1710, 6251, 31, 58.37, 0
2026/06/16 04:36:51.637, 1710, 6251, 31, 58.37, 0
2026/06/16 04:36:51.888, 1710, 6251, 30, 58.37, 0
2026/06/16 04:36:52.138, 1710, 6251, 30, 58.37, 0
2026/06/16 04:36:52.388, 1710, 6251, 30, 58.37, 0
2026/06/16 04:36:52.638, 1710, 6251, 30, 58.37, 0
2026/06/16 04:36:52.888, 1710, 6251, 30, 58.31, 0
2026/06/16 04:36:53.138, 1710, 6251, 30, 58.31, 0
2026/06/16 04:36:53.388, 1710, 6251, 30, 58.31, 0
2026/06/16 04:36:53.638, 1710, 6251, 30, 58.31, 0
2026/06/16 04:36:53.889, 1710, 6251, 30, 58.37, 0
2026/06/16 04:36:54.139, 1710, 6251, 30, 58.37, 0
2026/06/16 04:36:54.389, 1710, 6251, 30, 58.37, 0
2026/06/16 04:36:54.639, 1710, 6251, 30, 58.37, 0
2026/06/16 04:36:54.889, 1710, 6251, 30, 58.37, 0
2026/06/16 04:36:55.139, 1710, 6251, 30, 58.37, 0
2026/06/16 04:36:55.389, 1710, 6251, 30, 58.37, 0
2026/06/16 04:36:55.639, 1710, 6251, 30, 58.37, 0
2026/06/16 04:36:55.889, 1710, 6251, 30, 58.26, 0
2026/06/16 04:36:56.140, 1710, 6251, 30, 58.26, 0
2026/06/16 04:36:56.390, 1710, 6251, 30, 58.26, 0
2026/06/16 04:36:56.640, 1710, 6251, 30, 58.26, 0
2026/06/16 04:36:56.890, 1710, 6251, 30, 58.26, 0
2026/06/16 04:36:57.140, 1710, 6251, 30, 58.26, 0
2026/06/16 04:36:57.390, 1710, 6251, 30, 58.26, 0
2026/06/16 04:36:57.640, 1710, 6251, 30, 58.26, 0
2026/06/16 04:36:57.890, 1710, 6251, 32, 59.98, 0
2026/06/16 04:36:58.141, 1710, 6251, 31, 59.86, 19
2026/06/16 04:36:58.391, 1710, 6251, 32, 69.09, 18
2026/06/16 04:36:58.641, 1710, 6251, 33, 77.95, 100
2026/06/16 04:36:58.891, 1710, 6251, 34, 123.40, 100
2026/06/16 04:36:59.141, 1710, 6251, 35, 134.68, 100
2026/06/16 04:36:59.391, 1710, 6251, 36, 151.96, 91
2026/06/16 04:36:59.641, 1710, 6251, 35, 161.23, 100
2026/06/16 04:36:59.891, 1710, 6251, 36, 161.28, 100
2026/06/16 04:37:00.142, 1710, 6251, 36, 161.69, 100
2026/06/16 04:37:00.392, 1710, 6251, 36, 161.83, 100
2026/06/16 04:37:00.642, 1710, 6251, 36, 163.65, 100
2026/06/16 04:37:00.892, 1710, 6251, 36, 163.20, 100
2026/06/16 04:37:01.142, 1710, 6251, 36, 163.37, 100
2026/06/16 04:37:01.392, 1710, 6251, 36, 163.24, 100
2026/06/16 04:37:01.642, 1710, 6251, 36, 156.16, 100
2026/06/16 04:37:01.892, 1710, 6251, 37, 157.90, 100
2026/06/16 04:37:02.142, 1710, 6251, 37, 158.01, 100
2026/06/16 04:37:02.392, 1710, 6251, 37, 158.28, 100
2026/06/16 04:37:02.643, 1710, 6251, 37, 158.20, 100
2026/06/16 04:37:02.893, 1710, 6251, 37, 156.88, 100
2026/06/16 04:37:03.143, 1710, 6251, 38, 162.51, 100
2026/06/16 04:37:03.393, 1710, 6251, 37, 162.65, 100
2026/06/16 04:37:03.643, 1710, 6251, 37, 162.37, 100
2026/06/16 04:37:03.893, 1710, 6251, 37, 162.42, 100
2026/06/16 04:37:04.143, 1710, 6251, 38, 162.74, 100
2026/06/16 04:37:04.393, 1710, 6251, 37, 157.13, 100
2026/06/16 04:37:04.643, 1710, 6251, 37, 157.19, 100
2026/06/16 04:37:04.893, 1710, 6251, 37, 157.15, 100
2026/06/16 04:37:05.144, 1710, 6251, 38, 157.49, 100
2026/06/16 04:37:05.394, 1710, 6251, 38, 156.60, 100
2026/06/16 04:37:05.644, 1710, 6251, 38, 156.88, 97
2026/06/16 04:37:05.894, 1710, 6251, 38, 157.26, 100
2026/06/16 04:37:06.144, 1710, 6251, 38, 157.66, 100
2026/06/16 04:37:06.394, 1710, 6251, 38, 158.52, 100
2026/06/16 04:37:06.644, 1710, 6251, 38, 158.60, 97
2026/06/16 04:37:06.894, 1710, 6251, 38, 158.45, 100
2026/06/16 04:37:07.145, 1710, 6251, 38, 158.70, 100
2026/06/16 04:37:07.395, 1710, 6251, 38, 158.70, 100
2026/06/16 04:37:07.645, 1710, 6251, 38, 158.76, 100
2026/06/16 04:37:07.895, 1710, 6251, 39, 160.35, 100
2026/06/16 04:37:08.145, 1710, 6251, 39, 160.81, 100
2026/06/16 04:37:08.395, 1710, 6251, 39, 160.43, 100
2026/06/16 04:37:08.645, 1710, 6251, 39, 160.48, 100
2026/06/16 04:37:08.895, 1710, 6251, 39, 159.34, 97
2026/06/16 04:37:09.145, 1710, 6251, 39, 157.65, 100
2026/06/16 04:37:09.396, 1710, 6251, 39, 157.85, 100
2026/06/16 04:37:09.646, 1710, 6251, 39, 157.76, 100
2026/06/16 04:37:09.896, 1710, 6251, 39, 159.34, 100
2026/06/16 04:37:10.146, 1710, 6251, 39, 163.20, 100
2026/06/16 04:37:10.396, 1710, 6251, 39, 163.37, 100
2026/06/16 04:37:10.646, 1710, 6251, 39, 163.28, 100
2026/06/16 04:37:10.896, 1710, 6251, 39, 163.02, 100
2026/06/16 04:37:11.146, 1710, 6251, 39, 164.29, 100
2026/06/16 04:37:11.396, 1710, 6251, 39, 160.22, 100
2026/06/16 04:37:11.647, 1710, 6251, 39, 160.53, 100
2026/06/16 04:37:11.897, 1710, 6251, 39, 160.21, 100
2026/06/16 04:37:12.147, 1710, 6251, 39, 160.33, 100
2026/06/16 04:37:12.397, 1710, 6251, 39, 159.48, 100
2026/06/16 04:37:12.647, 1710, 6251, 39, 159.70, 100
2026/06/16 04:37:12.897, 1710, 6251, 39, 159.60, 100
2026/06/16 04:37:13.147, 1710, 6251, 39, 159.84, 100
2026/06/16 04:37:13.397, 1710, 6251, 39, 159.48, 100
2026/06/16 04:37:13.647, 1710, 6251, 40, 159.80, 100
2026/06/16 04:37:13.897, 1710, 6251, 40, 160.16, 100
2026/06/16 04:37:14.148, 1710, 6251, 40, 159.88, 100
2026/06/16 04:37:14.398, 1710, 6251, 40, 163.27, 100
2026/06/16 04:37:14.648, 1710, 6251, 40, 162.59, 100
2026/06/16 04:37:14.898, 1710, 6251, 40, 163.02, 100
2026/06/16 04:37:15.148, 1710, 6251, 40, 163.06, 100
2026/06/16 04:37:15.398, 1710, 6251, 40, 159.64, 100
2026/06/16 04:37:15.648, 1710, 6251, 40, 162.28, 100
2026/06/16 04:37:15.898, 1710, 6251, 40, 162.39, 100
2026/06/16 04:37:16.148, 1710, 6251, 40, 162.60, 100
2026/06/16 04:37:16.398, 1710, 6251, 40, 162.69, 100
2026/06/16 04:37:16.649, 1710, 6251, 40, 159.77, 100
2026/06/16 04:37:16.899, 1710, 6251, 40, 159.76, 97
2026/06/16 04:37:17.149, 1710, 6251, 40, 159.50, 100
2026/06/16 04:37:17.399, 1710, 6251, 40, 159.84, 100
2026/06/16 04:37:17.649, 1710, 6251, 40, 160.07, 100
2026/06/16 04:37:17.899, 1710, 6251, 40, 159.84, 100
2026/06/16 04:37:18.149, 1710, 6251, 40, 158.10, 97
2026/06/16 04:37:18.399, 1710, 6251, 40, 158.28, 100
2026/06/16 04:37:18.649, 1710, 6251, 40, 157.97, 100
2026/06/16 04:37:18.900, 1710, 6251, 40, 157.86, 100
2026/06/16 04:37:19.150, 1710, 6251, 40, 159.84, 96
2026/06/16 04:37:19.400, 1710, 6251, 40, 159.77, 100
2026/06/16 04:37:19.650, 1710, 6251, 40, 160.14, 100
2026/06/16 04:37:19.900, 1710, 6251, 41, 160.36, 100
2026/06/16 04:37:20.150, 1710, 6251, 41, 159.79, 94
2026/06/16 04:37:20.400, 1710, 6251, 41, 159.72, 100
2026/06/16 04:37:20.650, 1710, 6251, 41, 159.64, 100
2026/06/16 04:37:20.901, 1710, 6251, 41, 162.79, 97
2026/06/16 04:37:21.151, 1710, 6251, 41, 162.92, 100
2026/06/16 04:37:21.401, 1710, 6251, 41, 162.87, 100
2026/06/16 04:37:21.651, 1710, 6251, 41, 163.01, 100
2026/06/16 04:37:21.901, 1710, 6251, 41, 160.58, 100
2026/06/16 04:37:22.151, 1710, 6251, 41, 160.09, 100
2026/06/16 04:37:22.401, 1710, 6251, 41, 160.83, 100
2026/06/16 04:37:22.651, 1710, 6251, 41, 160.75, 100
2026/06/16 04:37:22.901, 1710, 6251, 41, 160.84, 100
2026/06/16 04:37:23.152, 1710, 6251, 41, 160.80, 100
2026/06/16 04:37:23.402, 1710, 6251, 41, 160.26, 100
2026/06/16 04:37:23.652, 1710, 6251, 42, 160.90, 97
2026/06/16 04:37:23.902, 1710, 6251, 41, 160.75, 100
2026/06/16 04:37:24.152, 1710, 6251, 41, 160.62, 100
2026/06/16 04:37:24.402, 1710, 6251, 41, 160.38, 100
2026/06/16 04:37:24.652, 1710, 6251, 41, 159.70, 97
2026/06/16 04:37:24.902, 1710, 6251, 41, 158.78, 100
2026/06/16 04:37:25.152, 1710, 6251, 41, 158.86, 100
2026/06/16 04:37:25.403, 1710, 6251, 41, 159.00, 100
2026/06/16 04:37:25.653, 1710, 6251, 41, 159.44, 100
2026/06/16 04:37:25.903, 1710, 6251, 41, 160.62, 100
2026/06/16 04:37:26.153, 1710, 6251, 42, 162.41, 97
2026/06/16 04:37:26.403, 1710, 6251, 42, 162.31, 100
2026/06/16 04:37:26.653, 1710, 6251, 41, 162.52, 100
2026/06/16 04:37:26.903, 1710, 6251, 42, 162.41, 100
2026/06/16 04:37:27.153, 1710, 6251, 42, 160.66, 100
2026/06/16 04:37:27.403, 1710, 6251, 42, 160.45, 100
2026/06/16 04:37:27.654, 1710, 6251, 42, 160.27, 100
2026/06/16 04:37:27.904, 1710, 6251, 42, 160.19, 100
2026/06/16 04:37:28.154, 1710, 6251, 42, 160.56, 100
2026/06/16 04:37:28.404, 1710, 6251, 42, 161.62, 100
2026/06/16 04:37:28.654, 1710, 6251, 42, 161.70, 100
2026/06/16 04:37:28.904, 1710, 6251, 42, 161.70, 100
2026/06/16 04:37:29.154, 1710, 6251, 42, 161.36, 100
2026/06/16 04:37:29.404, 1710, 6251, 42, 159.93, 100
2026/06/16 04:37:29.655, 1710, 6251, 42, 159.68, 100
2026/06/16 04:37:29.905, 1710, 6251, 42, 159.88, 100
2026/06/16 04:37:30.155, 1710, 6251, 42, 160.13, 100
2026/06/16 04:37:30.405, 1710, 6251, 42, 160.18, 100
2026/06/16 04:37:30.655, 1710, 6251, 42, 162.19, 100
2026/06/16 04:37:30.905, 1710, 6251, 42, 161.98, 100
2026/06/16 04:37:31.155, 1710, 6251, 42, 161.92, 100
2026/06/16 04:37:31.405, 1710, 6251, 42, 162.15, 100
2026/06/16 04:37:31.655, 1710, 6251, 42, 162.03, 100
2026/06/16 04:37:31.906, 1710, 6251, 43, 165.57, 98
2026/06/16 04:37:32.156, 1710, 6251, 42, 165.70, 100
2026/06/16 04:37:32.406, 1710, 6251, 42, 165.31, 100
2026/06/16 04:37:32.656, 1710, 6251, 42, 165.41, 100
2026/06/16 04:37:32.906, 1710, 6251, 42, 160.25, 100
2026/06/16 04:37:33.156, 1710, 6251, 42, 160.23, 100
2026/06/16 04:37:33.406, 1710, 6251, 42, 160.37, 100
2026/06/16 04:37:33.656, 1710, 6251, 42, 160.18, 97
2026/06/16 04:37:33.906, 1710, 6251, 43, 160.07, 100
2026/06/16 04:37:34.157, 1710, 6251, 42, 160.23, 100
2026/06/16 04:37:34.407, 1710, 6251, 42, 160.55, 100
2026/06/16 04:37:34.657, 1710, 6251, 42, 161.10, 100
2026/06/16 04:37:34.907, 1710, 6251, 42, 161.11, 100
2026/06/16 04:37:35.157, 1710, 6251, 43, 161.26, 100
2026/06/16 04:37:35.407, 1710, 6251, 43, 161.17, 100
2026/06/16 04:37:35.657, 1710, 6251, 43, 161.32, 100
2026/06/16 04:37:35.907, 1710, 6251, 43, 161.16, 100
2026/06/16 04:37:36.157, 1710, 6251, 43, 160.82, 100
2026/06/16 04:37:36.408, 1710, 6251, 43, 160.69, 100
2026/06/16 04:37:36.658, 1710, 6251, 43, 161.33, 100
2026/06/16 04:37:36.908, 1710, 6251, 43, 162.22, 100
2026/06/16 04:37:37.158, 1710, 6251, 43, 162.76, 100
2026/06/16 04:37:37.408, 1710, 6251, 43, 162.88, 100
2026/06/16 04:37:37.658, 1710, 6251, 43, 163.03, 100
2026/06/16 04:37:37.908, 1710, 6251, 43, 162.97, 100
2026/06/16 04:37:38.158, 1710, 6251, 43, 162.80, 100
2026/06/16 04:37:38.408, 1710, 6251, 43, 162.72, 100
2026/06/16 04:37:38.659, 1710, 6251, 43, 162.81, 100
2026/06/16 04:37:38.909, 1710, 6251, 43, 167.07, 100
2026/06/16 04:37:39.159, 1710, 6251, 43, 167.34, 100
2026/06/16 04:37:39.409, 1710, 6251, 43, 166.89, 100
2026/06/16 04:37:39.659, 1710, 6251, 43, 167.06, 100
2026/06/16 04:37:39.909, 1710, 6251, 43, 166.87, 100
2026/06/16 04:37:40.159, 1710, 6251, 44, 162.64, 97
2026/06/16 04:37:40.409, 1710, 6251, 43, 162.68, 100
2026/06/16 04:37:40.659, 1710, 6251, 43, 162.63, 100
2026/06/16 04:37:40.909, 1710, 6251, 43, 162.80, 100
2026/06/16 04:37:41.160, 1710, 6251, 43, 162.98, 100
2026/06/16 04:37:41.410, 1710, 6251, 43, 162.89, 100
2026/06/16 04:37:41.660, 1710, 6251, 44, 165.16, 100
2026/06/16 04:37:41.910, 1710, 6251, 43, 165.10, 100
2026/06/16 04:37:42.160, 1710, 6251, 43, 164.99, 100
2026/06/16 04:37:42.410, 1710, 6251, 43, 165.42, 100
2026/06/16 04:37:42.660, 1710, 6251, 43, 163.09, 100
2026/06/16 04:37:42.910, 1710, 6251, 43, 162.94, 100
2026/06/16 04:37:43.161, 1710, 6251, 43, 162.86, 100
2026/06/16 04:37:43.411, 1710, 6251, 43, 166.45, 97
2026/06/16 04:37:43.661, 1710, 6251, 44, 166.58, 100
2026/06/16 04:37:43.911, 1710, 6251, 44, 166.52, 100
2026/06/16 04:37:44.161, 1710, 6251, 44, 166.34, 100
2026/06/16 04:37:44.411, 1710, 6251, 44, 169.46, 100
2026/06/16 04:37:44.661, 1710, 6251, 44, 165.47, 100
2026/06/16 04:37:44.911, 1710, 6251, 44, 165.42, 100
2026/06/16 04:37:45.161, 1710, 6251, 44, 166.41, 98
2026/06/16 04:37:45.411, 1710, 6251, 44, 163.34, 100
2026/06/16 04:37:45.662, 1710, 6251, 44, 163.37, 100
2026/06/16 04:37:45.912, 1710, 6251, 44, 163.56, 100
2026/06/16 04:37:46.162, 1710, 6251, 44, 165.63, 100
2026/06/16 04:37:46.412, 1710, 6251, 44, 165.40, 100
2026/06/16 04:37:46.662, 1710, 6251, 44, 165.50, 100
2026/06/16 04:37:46.912, 1710, 6251, 44, 165.60, 100
2026/06/16 04:37:47.162, 1710, 6251, 44, 165.54, 100
2026/06/16 04:37:47.412, 1710, 6251, 44, 165.07, 100
2026/06/16 04:37:47.662, 1710, 6251, 44, 164.95, 100
2026/06/16 04:37:47.913, 1710, 6251, 44, 164.79, 100
2026/06/16 04:37:48.163, 1710, 6251, 44, 166.16, 100
2026/06/16 04:37:48.413, 1710, 6251, 44, 164.53, 100
2026/06/16 04:37:48.663, 1710, 6251, 44, 164.41, 100
2026/06/16 04:37:48.913, 1710, 6251, 44, 164.55, 100
2026/06/16 04:37:49.163, 1710, 6251, 44, 169.60, 100
2026/06/16 04:37:49.413, 1710, 6251, 44, 168.67, 100
2026/06/16 04:37:49.663, 1710, 6251, 44, 168.66, 100
2026/06/16 04:37:49.914, 1710, 6251, 44, 168.40, 100
2026/06/16 04:37:50.164, 1710, 6251, 44, 171.63, 100
2026/06/16 04:37:50.414, 1710, 6251, 44, 166.36, 100
2026/06/16 04:37:50.664, 1710, 6251, 44, 166.38, 100
2026/06/16 04:37:50.914, 1710, 6251, 44, 166.48, 100
2026/06/16 04:37:51.164, 1710, 6251, 44, 166.53, 100
2026/06/16 04:37:51.414, 1710, 6251, 44, 164.02, 100
2026/06/16 04:37:51.664, 1710, 6251, 44, 164.16, 100
2026/06/16 04:37:51.915, 1710, 6251, 44, 164.29, 100
2026/06/16 04:37:52.165, 1710, 6251, 44, 164.17, 100
2026/06/16 04:37:52.415, 1710, 6251, 44, 164.20, 100
2026/06/16 04:37:52.665, 1710, 6251, 44, 163.17, 100
2026/06/16 04:37:52.915, 1710, 6251, 45, 168.64, 100
2026/06/16 04:37:53.165, 1710, 6251, 44, 168.79, 100
2026/06/16 04:37:53.415, 1710, 6251, 44, 168.77, 100
2026/06/16 04:37:53.665, 1710, 6251, 44, 169.34, 100
2026/06/16 04:37:53.916, 1710, 6251, 44, 163.96, 100
2026/06/16 04:37:54.166, 1710, 6251, 44, 163.62, 100
2026/06/16 04:37:54.416, 1710, 6251, 44, 163.86, 100
2026/06/16 04:37:54.666, 1710, 6251, 44, 163.79, 100
2026/06/16 04:37:54.916, 1710, 6251, 46, 173.21, 100
2026/06/16 04:37:55.166, 1710, 6251, 45, 172.77, 100
2026/06/16 04:37:55.416, 1710, 6251, 45, 172.14, 100
2026/06/16 04:37:55.666, 1710, 6251, 44, 171.39, 100
2026/06/16 04:37:55.917, 1710, 6251, 45, 165.45, 97
2026/06/16 04:37:56.167, 1710, 6251, 45, 165.73, 100
2026/06/16 04:37:56.417, 1710, 6251, 45, 166.70, 100
2026/06/16 04:37:56.667, 1710, 6251, 44, 166.98, 100
2026/06/16 04:37:56.917, 1710, 6251, 45, 163.63, 100
2026/06/16 04:37:57.167, 1710, 6251, 45, 163.64, 100
2026/06/16 04:37:57.417, 1710, 6251, 45, 163.90, 100
2026/06/16 04:37:57.667, 1710, 6251, 45, 164.07, 100
2026/06/16 04:37:57.918, 1710, 6251, 45, 168.98, 100
2026/06/16 04:37:58.168, 1710, 6251, 45, 168.45, 100
2026/06/16 04:37:58.418, 1710, 6251, 45, 168.62, 100
2026/06/16 04:37:58.668, 1710, 6251, 45, 168.41, 99
2026/06/16 04:37:58.918, 1710, 6251, 45, 172.90, 93
2026/06/16 04:37:59.168, 1710, 6251, 45, 168.04, 100
2026/06/16 04:37:59.418, 1710, 6251, 45, 168.05, 100
2026/06/16 04:37:59.668, 1710, 6251, 45, 168.25, 100
2026/06/16 04:37:59.919, 1710, 6251, 45, 165.70, 93
2026/06/16 04:38:00.169, 1710, 6251, 45, 165.88, 100
2026/06/16 04:38:00.419, 1710, 6251, 45, 165.56, 100
2026/06/16 04:38:00.669, 1710, 6251, 45, 165.78, 100
2026/06/16 04:38:00.919, 1710, 6251, 45, 163.55, 100
2026/06/16 04:38:01.169, 1710, 6251, 45, 163.89, 100
2026/06/16 04:38:01.419, 1710, 6251, 45, 162.35, 100
2026/06/16 04:38:01.669, 1710, 6251, 45, 162.49, 100
2026/06/16 04:38:01.919, 1710, 6251, 45, 162.57, 100
2026/06/16 04:38:02.170, 1710, 6251, 45, 162.68, 100
2026/06/16 04:38:02.420, 1710, 6251, 44, 163.92, 95
2026/06/16 04:38:02.670, 1710, 6251, 45, 163.87, 100
2026/06/16 04:38:02.920, 1710, 6251, 45, 163.60, 100
2026/06/16 04:38:03.170, 1710, 6251, 45, 163.70, 100
2026/06/16 04:38:03.420, 1710, 6251, 45, 163.58, 100
2026/06/16 04:38:03.670, 1710, 6251, 45, 163.55, 100
2026/06/16 04:38:03.920, 1710, 6251, 45, 164.28, 100
2026/06/16 04:38:04.171, 1710, 6251, 45, 164.31, 100
2026/06/16 04:38:04.421, 1710, 6251, 45, 164.14, 100
2026/06/16 04:38:04.671, 1710, 6251, 45, 164.36, 100
2026/06/16 04:38:04.921, 1710, 6251, 45, 163.50, 100
2026/06/16 04:38:05.171, 1710, 6251, 45, 163.56, 100
2026/06/16 04:38:05.421, 1710, 6251, 45, 163.69, 100
2026/06/16 04:38:05.671, 1710, 6251, 45, 163.70, 100
2026/06/16 04:38:05.921, 1710, 6251, 45, 163.57, 100
2026/06/16 04:38:06.171, 1710, 6251, 45, 164.15, 99
2026/06/16 04:38:06.422, 1710, 6251, 45, 163.83, 100
2026/06/16 04:38:06.672, 1710, 6251, 45, 163.98, 100
2026/06/16 04:38:06.922, 1710, 6251, 45, 164.28, 100
2026/06/16 04:38:07.172, 1710, 6251, 45, 164.08, 100
2026/06/16 04:38:07.422, 1710, 6251, 45, 164.30, 93
2026/06/16 04:38:07.672, 1710, 6251, 45, 164.06, 100
2026/06/16 04:38:07.922, 1710, 6251, 45, 164.22, 100
2026/06/16 04:38:08.172, 1710, 6251, 45, 164.12, 100
2026/06/16 04:38:08.422, 1710, 6251, 45, 171.52, 100
2026/06/16 04:38:08.673, 1710, 6251, 45, 171.05, 100
2026/06/16 04:38:08.923, 1710, 6251, 45, 170.95, 100
2026/06/16 04:38:09.173, 1710, 6251, 45, 173.74, 97
2026/06/16 04:38:09.423, 1710, 6251, 45, 166.54, 100
2026/06/16 04:38:09.673, 1710, 6251, 45, 166.82, 100
2026/06/16 04:38:09.923, 1710, 6251, 45, 167.01, 100
2026/06/16 04:38:10.173, 1710, 6251, 47, 176.10, 97
2026/06/16 04:38:10.424, 1710, 6251, 47, 186.86, 100
2026/06/16 04:38:10.674, 1710, 6251, 46, 185.51, 100
2026/06/16 04:38:10.924, 1710, 6251, 45, 183.63, 100
2026/06/16 04:38:11.174, 1710, 6251, 45, 176.84, 100
2026/06/16 04:38:11.424, 1710, 6251, 46, 162.57, 100
2026/06/16 04:38:11.674, 1710, 6251, 46, 163.40, 100
2026/06/16 04:38:11.924, 1710, 6251, 45, 165.28, 100
2026/06/16 04:38:12.174, 1710, 6251, 45, 166.52, 100
2026/06/16 04:38:12.424, 1710, 6251, 46, 164.76, 100
2026/06/16 04:38:12.675, 1710, 6251, 46, 164.97, 100
2026/06/16 04:38:12.925, 1710, 6251, 45, 164.49, 100
2026/06/16 04:38:13.175, 1710, 6251, 45, 164.73, 100
2026/06/16 04:38:13.425, 1710, 6251, 46, 163.82, 100
2026/06/16 04:38:13.675, 1710, 6251, 46, 163.83, 100
2026/06/16 04:38:13.925, 1710, 6251, 46, 164.08, 100
2026/06/16 04:38:14.175, 1710, 6251, 46, 163.97, 100
2026/06/16 04:38:14.425, 1710, 6251, 46, 164.20, 100
2026/06/16 04:38:14.675, 1710, 6251, 46, 164.46, 100
2026/06/16 04:38:14.926, 1710, 6251, 46, 164.69, 100
2026/06/16 04:38:15.176, 1710, 6251, 46, 161.93, 100
2026/06/16 04:38:15.426, 1710, 6251, 46, 161.85, 100
2026/06/16 04:38:15.676, 1710, 6251, 46, 161.88, 100
2026/06/16 04:38:15.926, 1710, 6251, 45, 161.99, 97
2026/06/16 04:38:16.176, 1710, 6251, 45, 162.01, 100
2026/06/16 04:38:16.426, 1710, 6251, 46, 164.32, 100
2026/06/16 04:38:16.676, 1710, 6251, 46, 164.26, 100
2026/06/16 04:38:16.926, 1710, 6251, 46, 164.13, 100
2026/06/16 04:38:17.176, 1710, 6251, 46, 164.10, 100
2026/06/16 04:38:17.427, 1710, 6251, 46, 164.13, 100
2026/06/16 04:38:17.677, 1710, 6251, 46, 164.10, 100
2026/06/16 04:38:17.927, 1710, 6251, 46, 164.14, 100
2026/06/16 04:38:18.177, 1710, 6251, 46, 163.89, 100
2026/06/16 04:38:18.427, 1710, 6251, 46, 164.09, 100
2026/06/16 04:38:18.677, 1710, 6251, 46, 164.20, 100
2026/06/16 04:38:18.927, 1710, 6251, 46, 169.88, 100
2026/06/16 04:38:19.177, 1710, 6251, 46, 169.66, 100
2026/06/16 04:38:19.428, 1710, 6251, 46, 169.38, 100
2026/06/16 04:38:19.678, 1710, 6251, 46, 169.00, 100
2026/06/16 04:38:19.928, 1710, 6251, 46, 163.64, 100
2026/06/16 04:38:20.178, 1710, 6251, 46, 163.03, 97
2026/06/16 04:38:20.428, 1710, 6251, 46, 163.11, 100
2026/06/16 04:38:20.678, 1710, 6251, 46, 163.90, 100
2026/06/16 04:38:20.928, 1710, 6251, 46, 163.63, 100
2026/06/16 04:38:21.178, 1710, 6251, 46, 165.20, 100
2026/06/16 04:38:21.428, 1710, 6251, 46, 165.95, 100
2026/06/16 04:38:21.679, 1710, 6251, 46, 165.88, 100
2026/06/16 04:38:21.929, 1710, 6251, 46, 166.06, 100
2026/06/16 04:38:22.179, 1710, 6251, 46, 166.16, 100
2026/06/16 04:38:22.429, 1710, 6251, 46, 165.77, 97
2026/06/16 04:38:22.679, 1710, 6251, 46, 165.76, 100
2026/06/16 04:38:22.929, 1710, 6251, 46, 166.09, 100
2026/06/16 04:38:23.179, 1710, 6251, 46, 166.00, 100
2026/06/16 04:38:23.429, 1710, 6251, 46, 169.82, 97
2026/06/16 04:38:23.679, 1710, 6251, 46, 168.14, 100
2026/06/16 04:38:23.930, 1710, 6251, 46, 168.17, 100
2026/06/16 04:38:24.180, 1710, 6251, 46, 168.01, 100
2026/06/16 04:38:24.430, 1710, 6251, 46, 168.04, 100
2026/06/16 04:38:24.680, 1710, 6251, 46, 164.20, 100
2026/06/16 04:38:24.930, 1710, 6251, 46, 165.35, 100
2026/06/16 04:38:25.180, 1710, 6251, 46, 165.50, 100
2026/06/16 04:38:25.430, 1710, 6251, 46, 165.29, 100
2026/06/16 04:38:25.680, 1710, 6251, 46, 169.58, 100
2026/06/16 04:38:25.931, 1710, 6251, 46, 168.59, 100
2026/06/16 04:38:26.181, 1710, 6251, 46, 168.83, 100
2026/06/16 04:38:26.431, 1710, 6251, 46, 168.67, 100
2026/06/16 04:38:26.681, 1710, 6251, 47, 166.70, 97
2026/06/16 04:38:26.931, 1710, 6251, 46, 166.78, 100
2026/06/16 04:38:27.181, 1710, 6251, 46, 166.60, 100
2026/06/16 04:38:27.431, 1710, 6251, 46, 166.59, 100
2026/06/16 04:38:27.681, 1710, 6251, 46, 166.67, 100
2026/06/16 04:38:27.931, 1710, 6251, 46, 164.52, 100
2026/06/16 04:38:28.182, 1710, 6251, 46, 164.33, 100
2026/06/16 04:38:28.432, 1710, 6251, 46, 164.41, 100
2026/06/16 04:38:28.682, 1710, 6251, 46, 164.24, 100
2026/06/16 04:38:28.932, 1710, 6251, 46, 164.33, 100
2026/06/16 04:38:29.182, 1710, 6251, 46, 164.92, 94
2026/06/16 04:38:29.432, 1710, 6251, 46, 165.20, 100
2026/06/16 04:38:29.682, 1710, 6251, 46, 165.48, 100
2026/06/16 04:38:29.932, 1710, 6251, 46, 166.99, 97
2026/06/16 04:38:30.183, 1710, 6251, 46, 166.16, 100
2026/06/16 04:38:30.433, 1710, 6251, 46, 166.10, 100
2026/06/16 04:38:30.683, 1710, 6251, 46, 166.09, 94
2026/06/16 04:38:30.933, 1710, 6251, 46, 164.55, 100
2026/06/16 04:38:31.183, 1710, 6251, 46, 164.63, 100
2026/06/16 04:38:31.433, 1710, 6251, 46, 164.73, 100
2026/06/16 04:38:31.683, 1710, 6251, 46, 164.81, 100
2026/06/16 04:38:31.933, 1710, 6251, 47, 169.22, 100
2026/06/16 04:38:32.183, 1710, 6251, 46, 169.70, 100
2026/06/16 04:38:32.433, 1710, 6251, 46, 169.13, 100
2026/06/16 04:38:32.684, 1710, 6251, 46, 169.07, 100
2026/06/16 04:38:32.934, 1710, 6251, 46, 169.19, 100
2026/06/16 04:38:33.184, 1710, 6251, 46, 164.74, 96
2026/06/16 04:38:33.434, 1710, 6251, 46, 164.86, 100
2026/06/16 04:38:33.684, 1710, 6251, 46, 164.77, 100
2026/06/16 04:38:33.934, 1710, 6251, 46, 165.03, 100
2026/06/16 04:38:34.184, 1710, 6251, 46, 164.95, 100
2026/06/16 04:38:34.434, 1710, 6251, 46, 164.75, 100
2026/06/16 04:38:34.685, 1710, 6251, 46, 167.78, 94
2026/06/16 04:38:34.935, 1710, 6251, 46, 167.83, 100
2026/06/16 04:38:35.185, 1710, 6251, 46, 167.46, 100
2026/06/16 04:38:35.435, 1710, 6251, 46, 167.13, 100
2026/06/16 04:38:35.685, 1710, 6251, 46, 167.49, 100
2026/06/16 04:38:35.935, 1710, 6251, 46, 163.93, 100
2026/06/16 04:38:36.185, 1710, 6251, 46, 164.04, 100
2026/06/16 04:38:36.435, 1710, 6251, 46, 164.01, 100
2026/06/16 04:38:36.685, 1710, 6251, 46, 164.15, 100
2026/06/16 04:38:36.936, 1710, 6251, 46, 166.93, 100
2026/06/16 04:38:37.186, 1710, 6251, 46, 166.97, 100
2026/06/16 04:38:37.436, 1710, 6251, 46, 167.19, 100
2026/06/16 04:38:37.686, 1710, 6251, 46, 167.25, 100
2026/06/16 04:38:37.936, 1710, 6251, 47, 168.68, 100
2026/06/16 04:38:38.186, 1710, 6251, 46, 168.84, 100
2026/06/16 04:38:38.436, 1710, 6251, 46, 168.68, 100
2026/06/16 04:38:38.686, 1710, 6251, 46, 168.52, 100
2026/06/16 04:38:38.936, 1710, 6251, 46, 168.81, 100
2026/06/16 04:38:39.187, 1710, 6251, 47, 168.60, 100
2026/06/16 04:38:39.437, 1710, 6251, 46, 168.37, 100
2026/06/16 04:38:39.687, 1710, 6251, 46, 168.49, 100
2026/06/16 04:38:39.937, 1710, 6251, 46, 168.40, 100
2026/06/16 04:38:40.187, 1710, 6251, 47, 171.58, 100
2026/06/16 04:38:40.437, 1710, 6251, 46, 167.81, 100
2026/06/16 04:38:40.687, 1710, 6251, 46, 167.70, 100
2026/06/16 04:38:40.937, 1710, 6251, 46, 167.65, 100
2026/06/16 04:38:41.187, 1710, 6251, 46, 167.52, 100
2026/06/16 04:38:41.438, 1710, 6251, 47, 165.46, 100
2026/06/16 04:38:41.688, 1710, 6251, 46, 165.43, 100
2026/06/16 04:38:41.938, 1710, 6251, 46, 165.26, 100
2026/06/16 04:38:42.188, 1710, 6251, 46, 165.41, 100
2026/06/16 04:38:42.438, 1710, 6251, 47, 168.11, 100
2026/06/16 04:38:42.688, 1710, 6251, 47, 168.14, 100
2026/06/16 04:38:42.938, 1710, 6251, 46, 168.35, 100
2026/06/16 04:38:43.188, 1710, 6251, 46, 168.09, 100
2026/06/16 04:38:43.438, 1710, 6251, 46, 164.38, 100
2026/06/16 04:38:43.688, 1710, 6251, 47, 165.07, 100
2026/06/16 04:38:43.939, 1710, 6251, 46, 164.75, 100
2026/06/16 04:38:44.189, 1710, 6251, 47, 164.79, 100
2026/06/16 04:38:44.439, 1710, 6251, 46, 164.83, 100
2026/06/16 04:38:44.689, 1710, 6251, 47, 165.86, 97
2026/06/16 04:38:44.939, 1710, 6251, 47, 165.78, 100
2026/06/16 04:38:45.189, 1710, 6251, 46, 165.66, 100
2026/06/16 04:38:45.439, 1710, 6251, 46, 165.43, 100
2026/06/16 04:38:45.689, 1710, 6251, 46, 165.57, 100
2026/06/16 04:38:45.939, 1710, 6251, 47, 169.40, 97
2026/06/16 04:38:46.190, 1710, 6251, 47, 169.49, 100
2026/06/16 04:38:46.440, 1710, 6251, 47, 169.47, 100
2026/06/16 04:38:46.690, 1710, 6251, 47, 169.14, 100
2026/06/16 04:38:46.940, 1710, 6251, 46, 164.27, 100
2026/06/16 04:38:47.190, 1710, 6251, 46, 164.50, 100
2026/06/16 04:38:47.440, 1710, 6251, 47, 164.55, 100
2026/06/16 04:38:47.690, 1710, 6251, 47, 164.73, 100
2026/06/16 04:38:47.940, 1710, 6251, 47, 164.82, 100
2026/06/16 04:38:48.190, 1710, 6251, 46, 165.00, 100
2026/06/16 04:38:48.441, 1710, 6251, 47, 165.60, 100
2026/06/16 04:38:48.691, 1710, 6251, 47, 165.71, 100
2026/06/16 04:38:48.941, 1710, 6251, 47, 165.40, 100
2026/06/16 04:38:49.191, 1710, 6251, 47, 165.48, 100
2026/06/16 04:38:49.441, 1710, 6251, 46, 165.12, 100
2026/06/16 04:38:49.691, 1710, 6251, 47, 170.21, 100
2026/06/16 04:38:49.941, 1710, 6251, 47, 170.17, 100
2026/06/16 04:38:50.191, 1710, 6251, 47, 170.05, 100
2026/06/16 04:38:50.441, 1710, 6251, 47, 169.88, 100
2026/06/16 04:38:50.692, 1710, 6251, 47, 164.57, 92
2026/06/16 04:38:50.942, 1710, 6251, 47, 164.69, 100
2026/06/16 04:38:51.192, 1710, 6251, 47, 164.77, 100
2026/06/16 04:38:51.442, 1710, 6251, 47, 167.88, 100
2026/06/16 04:38:51.692, 1710, 6251, 47, 167.89, 100
2026/06/16 04:38:51.942, 1710, 6251, 47, 167.69, 100
2026/06/16 04:38:52.192, 1710, 6251, 47, 167.71, 100
2026/06/16 04:38:52.442, 1710, 6251, 47, 168.63, 97
2026/06/16 04:38:52.692, 1710, 6251, 47, 168.60, 100
2026/06/16 04:38:52.943, 1710, 6251, 47, 168.64, 100
2026/06/16 04:38:53.193, 1710, 6251, 47, 168.75, 100
2026/06/16 04:38:53.443, 1710, 6251, 47, 168.54, 100
2026/06/16 04:38:53.693, 1710, 6251, 47, 164.61, 100
2026/06/16 04:38:53.943, 1710, 6251, 47, 164.57, 100
2026/06/16 04:38:54.193, 1710, 6251, 47, 164.55, 100
2026/06/16 04:38:54.443, 1710, 6251, 47, 164.79, 100
2026/06/16 04:38:54.693, 1710, 6251, 47, 164.93, 100
2026/06/16 04:38:54.944, 1710, 6251, 47, 165.01, 100
2026/06/16 04:38:55.194, 1710, 6251, 47, 164.94, 100
2026/06/16 04:38:55.444, 1710, 6251, 47, 169.60, 100
2026/06/16 04:38:55.694, 1710, 6251, 47, 169.54, 100
2026/06/16 04:38:55.944, 1710, 6251, 47, 169.43, 100
2026/06/16 04:38:56.194, 1710, 6251, 47, 169.29, 100
2026/06/16 04:38:56.444, 1710, 6251, 47, 165.00, 100
2026/06/16 04:38:56.694, 1710, 6251, 47, 165.17, 100
2026/06/16 04:38:56.945, 1710, 6251, 47, 164.77, 100
2026/06/16 04:38:57.195, 1710, 6251, 47, 164.95, 100
2026/06/16 04:38:57.445, 1710, 6251, 47, 171.78, 100
2026/06/16 04:38:57.695, 1710, 6251, 47, 171.57, 100
2026/06/16 04:38:57.945, 1710, 6251, 47, 170.83, 100
2026/06/16 04:38:58.195, 1710, 6251, 47, 173.46, 100
2026/06/16 04:38:58.445, 1710, 6251, 47, 167.01, 100
2026/06/16 04:38:58.695, 1710, 6251, 47, 167.56, 100
2026/06/16 04:38:58.946, 1710, 6251, 47, 168.50, 99
2026/06/16 04:38:59.196, 1710, 6251, 47, 168.94, 100
2026/06/16 04:38:59.446, 1710, 6251, 47, 166.86, 100
2026/06/16 04:38:59.696, 1710, 6251, 47, 166.90, 100
2026/06/16 04:38:59.946, 1710, 6251, 47, 166.63, 100
2026/06/16 04:39:00.196, 1710, 6251, 47, 166.69, 97
2026/06/16 04:39:00.446, 1710, 6251, 47, 166.57, 100
2026/06/16 04:39:00.696, 1710, 6251, 47, 166.43, 100
2026/06/16 04:39:00.947, 1710, 6251, 47, 166.83, 100
2026/06/16 04:39:01.197, 1710, 6251, 47, 166.86, 100
2026/06/16 04:39:01.447, 1710, 6251, 47, 167.20, 97
2026/06/16 04:39:01.697, 1710, 6251, 47, 167.29, 100
2026/06/16 04:39:01.947, 1710, 6251, 47, 167.26, 100
2026/06/16 04:39:02.197, 1710, 6251, 47, 166.79, 100
2026/06/16 04:39:02.447, 1710, 6251, 47, 168.02, 93
2026/06/16 04:39:02.697, 1710, 6251, 47, 167.43, 100
2026/06/16 04:39:02.948, 1710, 6251, 47, 167.45, 100
2026/06/16 04:39:03.198, 1710, 6251, 47, 167.45, 100
2026/06/16 04:39:03.448, 1710, 6251, 47, 167.36, 100
2026/06/16 04:39:03.698, 1710, 6251, 47, 167.88, 100
2026/06/16 04:39:03.948, 1710, 6251, 47, 167.45, 100
2026/06/16 04:39:04.198, 1710, 6251, 47, 167.60, 100
2026/06/16 04:39:04.448, 1710, 6251, 47, 167.49, 100
2026/06/16 04:39:04.698, 1710, 6251, 47, 166.71, 100
2026/06/16 04:39:04.949, 1710, 6251, 47, 172.29, 100
2026/06/16 04:39:05.199, 1710, 6251, 47, 172.25, 100
2026/06/16 04:39:05.449, 1710, 6251, 47, 171.99, 100
2026/06/16 04:39:05.699, 1710, 6251, 47, 172.20, 100
2026/06/16 04:39:05.949, 1710, 6251, 47, 167.00, 90
2026/06/16 04:39:06.199, 1710, 6251, 47, 167.19, 100
2026/06/16 04:39:06.449, 1710, 6251, 47, 167.16, 100
2026/06/16 04:39:06.699, 1710, 6251, 47, 167.20, 100
2026/06/16 04:39:06.949, 1710, 6251, 47, 171.46, 97
2026/06/16 04:39:07.200, 1710, 6251, 47, 171.89, 100
2026/06/16 04:39:07.450, 1710, 6251, 47, 171.80, 100
2026/06/16 04:39:07.700, 1710, 6251, 47, 171.85, 100
2026/06/16 04:39:07.950, 1710, 6251, 47, 169.38, 100
2026/06/16 04:39:08.200, 1710, 6251, 47, 169.76, 100
2026/06/16 04:39:08.450, 1710, 6251, 47, 169.67, 100
2026/06/16 04:39:08.700, 1710, 6251, 47, 169.82, 100
2026/06/16 04:39:08.950, 1710, 6251, 47, 170.01, 100
2026/06/16 04:39:09.200, 1710, 6251, 47, 167.05, 100
2026/06/16 04:39:09.451, 1710, 6251, 47, 164.34, 100
2026/06/16 04:39:09.701, 1710, 6251, 47, 164.23, 100
2026/06/16 04:39:09.951, 1710, 6251, 47, 163.92, 100
2026/06/16 04:39:10.201, 1710, 6251, 47, 163.60, 100
2026/06/16 04:39:10.451, 1710, 6251, 47, 166.78, 100
2026/06/16 04:39:10.701, 1710, 6251, 47, 168.40, 97
2026/06/16 04:39:10.951, 1710, 6251, 47, 168.34, 100
2026/06/16 04:39:11.201, 1710, 6251, 47, 168.51, 100
2026/06/16 04:39:11.451, 1710, 6251, 47, 168.40, 100
2026/06/16 04:39:11.702, 1710, 6251, 47, 173.22, 100
2026/06/16 04:39:11.952, 1710, 6251, 47, 171.62, 100
2026/06/16 04:39:12.202, 1710, 6251, 47, 171.40, 100
2026/06/16 04:39:12.452, 1710, 6251, 47, 171.17, 100
2026/06/16 04:39:12.702, 1710, 6251, 47, 168.62, 100
2026/06/16 04:39:12.952, 1710, 6251, 47, 168.60, 100
2026/06/16 04:39:13.202, 1710, 6251, 47, 168.82, 100
2026/06/16 04:39:13.452, 1710, 6251, 47, 168.70, 100
2026/06/16 04:39:13.702, 1710, 6251, 47, 167.61, 100
2026/06/16 04:39:13.953, 1710, 6251, 47, 167.47, 100
2026/06/16 04:39:14.203, 1710, 6251, 47, 167.24, 100
2026/06/16 04:39:14.453, 1710, 6251, 47, 167.23, 100
2026/06/16 04:39:14.703, 1710, 6251, 47, 166.79, 100
2026/06/16 04:39:14.953, 1710, 6251, 47, 170.64, 97
2026/06/16 04:39:15.203, 1710, 6251, 47, 170.45, 100
2026/06/16 04:39:15.453, 1710, 6251, 47, 170.75, 100
2026/06/16 04:39:15.703, 1710, 6251, 47, 170.69, 100
2026/06/16 04:39:15.953, 1710, 6251, 47, 166.67, 100
2026/06/16 04:39:16.203, 1710, 6251, 47, 167.85, 100
2026/06/16 04:39:16.454, 1710, 6251, 47, 167.46, 100
2026/06/16 04:39:16.704, 1710, 6251, 47, 167.35, 100
2026/06/16 04:39:16.954, 1710, 6251, 47, 167.38, 100
2026/06/16 04:39:17.204, 1710, 6251, 47, 167.29, 100
2026/06/16 04:39:17.454, 1710, 6251, 49, 172.30, 97
2026/06/16 04:39:17.704, 1710, 6251, 48, 171.93, 100
2026/06/16 04:39:17.954, 1710, 6251, 47, 171.99, 100
2026/06/16 04:39:18.204, 1710, 6251, 47, 171.54, 100
2026/06/16 04:39:18.454, 1710, 6251, 47, 170.59, 100
2026/06/16 04:39:18.705, 1710, 6251, 47, 165.10, 100
2026/06/16 04:39:18.955, 1710, 6251, 47, 167.81, 100
2026/06/16 04:39:19.205, 1710, 6251, 47, 168.21, 100
2026/06/16 04:39:19.455, 1710, 6251, 47, 168.83, 100
2026/06/16 04:39:19.705, 1710, 6251, 47, 169.49, 100
2026/06/16 04:39:19.955, 1710, 6251, 48, 171.54, 97
2026/06/16 04:39:20.205, 1710, 6251, 47, 171.76, 100
2026/06/16 04:39:20.455, 1710, 6251, 47, 171.64, 100
2026/06/16 04:39:20.705, 1710, 6251, 47, 171.94, 100
2026/06/16 04:39:20.956, 1710, 6251, 47, 166.59, 100
2026/06/16 04:39:21.206, 1710, 6251, 47, 164.85, 93
2026/06/16 04:39:21.456, 1710, 6251, 47, 164.53, 100
2026/06/16 04:39:21.706, 1710, 6251, 47, 164.82, 100
2026/06/16 04:39:21.956, 1710, 6251, 46, 157.51, 100
2026/06/16 04:39:22.206, 1710, 6251, 44, 140.81, 0
2026/06/16 04:39:22.456, 1710, 6251, 43, 112.93, 0
2026/06/16 04:39:22.706, 1710, 6251, 42, 94.12, 0
2026/06/16 04:39:22.956, 1710, 6251, 42, 75.29, 0
2026/06/16 04:39:23.207, 1710, 6251, 42, 75.29, 0
2026/06/16 04:39:23.457, 1710, 6251, 42, 75.29, 0
2026/06/16 04:39:23.707, 1710, 6251, 42, 75.29, 0
2026/06/16 04:39:23.957, 1710, 6251, 41, 63.07, 0
2026/06/16 04:39:24.207, 1710, 6251, 41, 63.07, 0
2026/06/16 04:39:24.457, 1710, 6251, 41, 63.07, 0
2026/06/16 04:39:24.707, 1710, 6251, 41, 63.07, 0
2026/06/16 04:39:24.957, 1710, 6251, 40, 62.86, 0
